Visualization,Memory,Association,Reasoning,Age,Activity name,Activity description,Zone,Time,text_features
No,No,No,Yes,5-13,Math Challenges,"Engage children with math riddles and mental challenges that test their reasoning skills. Incorporate different difficulty levels to keep them interested. The activity helps to develop their problem-solving abilities in a fun, competitive environment where time adds a thrilling aspect to the game.",Green,15-20 minutes,"Math Challenges Engage children with math riddles and mental challenges that test their reasoning skills. Incorporate different difficulty levels to keep them interested. The activity helps to develop their problem-solving abilities in a fun, competitive environment where time adds a thrilling aspect to the game."
No,Yes,No,No,5-13,Mystery Stories,"Read or tell a mystery story that requires children to remember important clues throughout the narrative. Encourage them to think critically and make predictions about the solution before the story concludes. This engages their memory and develops their analytical skills in a fun, immersive way.",Yellow,20-25 minutes,"Mystery Stories Read or tell a mystery story that requires children to remember important clues throughout the narrative. Encourage them to think critically and make predictions about the solution before the story concludes. This engages their memory and develops their analytical skills in a fun, immersive way."
No,No,No,Yes,5-13,Mystery Stories,"Dive into a mystery story where children must listen carefully and use their reasoning skills to solve the puzzle before the story ends. The story encourages active listening and critical thinking, allowing children to piece together information in an engaging narrative format.",Green,20-25 minutes,"Mystery Stories Dive into a mystery story where children must listen carefully and use their reasoning skills to solve the puzzle before the story ends. The story encourages active listening and critical thinking, allowing children to piece together information in an engaging narrative format."
No,Yes,No,No,5-13,Pattern Recognition Games,"Challenge children with a series of patterns that they need to observe, remember, and replicate. Start with simple sequences and gradually increase the complexity. This activity enhances visual memory, attention to detail, and logical progression as they predict the next steps in the sequence.",Yellow,15-20 minutes,"Pattern Recognition Games Challenge children with a series of patterns that they need to observe, remember, and replicate. Start with simple sequences and gradually increase the complexity. This activity enhances visual memory, attention to detail, and logical progression as they predict the next steps in the sequence."
No,No,No,Yes,5-13,Pattern Recognition Games,"Show a series of progressively challenging patterns that children need to analyze and continue. Encourage them to discuss their thought processes, enhancing their reasoning and pattern recognition skills. This fun exercise promotes strategic thinking and visual recognition in a playful setting.",Green,15-20 minutes,"Pattern Recognition Games Show a series of progressively challenging patterns that children need to analyze and continue. Encourage them to discuss their thought processes, enhancing their reasoning and pattern recognition skills. This fun exercise promotes strategic thinking and visual recognition in a playful setting."
Yes,No,No,No,5-13,"""Let's Listen Carefully"" Activity","Read a visually rich picture book to children, asking them to visualize the story as it unfolds. After reading, children fold a piece of paper into sections and draw what they imagined at key points in the story, enhancing visualization skills and creative expression through art.",Red,20-25 minutes,"""Let's Listen Carefully"" Activity Read a visually rich picture book to children, asking them to visualize the story as it unfolds. After reading, children fold a piece of paper into sections and draw what they imagined at key points in the story, enhancing visualization skills and creative expression through art."
No,Yes,No,No,5-13,"""Let's Listen Carefully"" Activity","Listen to a picture book with vivid descriptions, then fold paper into sections to draw different story scenes. This activity combines memory with creative skills as children recreate story elements based on what they heard, encouraging detailed observation and artistic interpretation.",Yellow,20-25 minutes,"""Let's Listen Carefully"" Activity Listen to a picture book with vivid descriptions, then fold paper into sections to draw different story scenes. This activity combines memory with creative skills as children recreate story elements based on what they heard, encouraging detailed observation and artistic interpretation."
No,No,No,Yes,5-13,"""Let's Listen Carefully"" Activity",Read a detailed picture book and have children draw their visual interpretations of the story at different stages. This exercise helps in enhancing listening comprehension and reasoning as they make connections between the narrative and their own visual representations.,Green,20-25 minutes,"""Let's Listen Carefully"" Activity Read a detailed picture book and have children draw their visual interpretations of the story at different stages. This exercise helps in enhancing listening comprehension and reasoning as they make connections between the narrative and their own visual representations."
Yes,No,No,No,5-13,Visual Storytelling,"Use images or drawings to create a story and narrate it as you go along. Children can also contribute by adding to the story with their own visual elements. This activity boosts creativity, language skills, and the ability to construct narratives through visual stimuli.",Red,15-20 minutes,"Visual Storytelling Use images or drawings to create a story and narrate it as you go along. Children can also contribute by adding to the story with their own visual elements. This activity boosts creativity, language skills, and the ability to construct narratives through visual stimuli."
No,Yes,No,No,5-13,Visual Storytelling,"Create a story using drawings or a sequence of images, and narrate the plot while engaging children to expand on the visual cues. This promotes creative thinking and storytelling abilities, encouraging children to express their imagination through visual and verbal means.",Yellow,15-20 minutes,"Visual Storytelling Create a story using drawings or a sequence of images, and narrate the plot while engaging children to expand on the visual cues. This promotes creative thinking and storytelling abilities, encouraging children to express their imagination through visual and verbal means."
Yes,No,No,No,5-13,Picture Puzzle,"Engage children in solving jigsaw puzzles, which helps improve their visual-spatial skills. This task encourages concentration and patience, as well as strategic planning as they fit pieces together. Start with simple puzzles and gradually increase the complexity as they become more skilled.",Red,20-30 minutes,"Picture Puzzle Engage children in solving jigsaw puzzles, which helps improve their visual-spatial skills. This task encourages concentration and patience, as well as strategic planning as they fit pieces together. Start with simple puzzles and gradually increase the complexity as they become more skilled."
No,Yes,No,No,5-13,Picture Puzzle,"Solve a jigsaw puzzle that challenges memory and spatial reasoning. Children can work individually or as a team, fostering cooperative skills while improving their ability to recognize patterns and complete visual tasks. Puzzles with age-appropriate difficulty help maintain engagement and skill development.",Yellow,20-30 minutes,"Picture Puzzle Solve a jigsaw puzzle that challenges memory and spatial reasoning. Children can work individually or as a team, fostering cooperative skills while improving their ability to recognize patterns and complete visual tasks. Puzzles with age-appropriate difficulty help maintain engagement and skill development."
Yes,No,No,No,5-13,Memory Drawing,"Show children a picture briefly, then ask them to draw it from memory. This task enhances visual memory and attention to detail, as they recall and recreate the image. It's a fun way to build memory retention and observation skills in a creative context, allowing for various artistic interpretations.",Red,10-15 minutes,"Memory Drawing Show children a picture briefly, then ask them to draw it from memory. This task enhances visual memory and attention to detail, as they recall and recreate the image. It's a fun way to build memory retention and observation skills in a creative context, allowing for various artistic interpretations."
No,Yes,No,No,5-13,Memory Drawing,"Display a picture for 30 seconds and then have the children draw what they remember. This activity sharpens visual memory, concentration, and artistic skills. Encourage creativity and celebrate diverse interpretations of the same image, promoting a collaborative and engaging artistic environment.",Yellow,10-15 minutes,"Memory Drawing Display a picture for 30 seconds and then have the children draw what they remember. This activity sharpens visual memory, concentration, and artistic skills. Encourage creativity and celebrate diverse interpretations of the same image, promoting a collaborative and engaging artistic environment."
Yes,No,No,No,5-13,Flashcard Visualization,"Use visual flashcards to teach and memorize new concepts or vocabulary. Children can draw connections between the images and the concepts, reinforcing their learning through visual aids. This activity is ideal for engaging visual learners and enhancing recall of information in a quick, interactive way.",Red,10-15 minutes,"Flashcard Visualization Use visual flashcards to teach and memorize new concepts or vocabulary. Children can draw connections between the images and the concepts, reinforcing their learning through visual aids. This activity is ideal for engaging visual learners and enhancing recall of information in a quick, interactive way."
No,Yes,No,No,5-13,Flashcard Visualization,"Utilize visual flashcards for memorization of key concepts, words, or terms. The quick, repetitive nature of flashcards helps in reinforcing learning, making it effective for vocabulary building, concept reinforcement, and the development of associative memory techniques in an enjoyable manner.",Yellow,10-15 minutes,"Flashcard Visualization Utilize visual flashcards for memorization of key concepts, words, or terms. The quick, repetitive nature of flashcards helps in reinforcing learning, making it effective for vocabulary building, concept reinforcement, and the development of associative memory techniques in an enjoyable manner."
Yes,No,No,No,5-13,Concept Mapping,"Create a concept map to organize ideas visually, helping children see connections between different concepts. This activity enhances critical thinking, organization, and understanding of complex relationships, allowing for a hands-on, creative approach to learning that stimulates both logical and artistic skills.",Red,15-20 minutes,"Concept Mapping Create a concept map to organize ideas visually, helping children see connections between different concepts. This activity enhances critical thinking, organization, and understanding of complex relationships, allowing for a hands-on, creative approach to learning that stimulates both logical and artistic skills."
No,Yes,No,No,5-13,Concept Mapping,"Develop a concept map to visually represent relationships between different ideas. This task encourages children to think critically about how concepts interconnect, promoting a deeper understanding of the material. It’s a highly effective tool for visual learners, enhancing both retention and comprehension.",Yellow,15-20 minutes,"Concept Mapping Develop a concept map to visually represent relationships between different ideas. This task encourages children to think critically about how concepts interconnect, promoting a deeper understanding of the material. It’s a highly effective tool for visual learners, enhancing both retention and comprehension."
Yes,No,No,No,5-13,Mind Mapping,"Create a mind map to visualize connections between ideas, encouraging a holistic approach to thinking and learning. This activity fosters creativity and critical thinking, helping children see the bigger picture and how smaller elements fit into it. It’s a great tool for brainstorming and organizing thoughts visually.",Red,15-20 minutes,"Mind Mapping Create a mind map to visualize connections between ideas, encouraging a holistic approach to thinking and learning. This activity fosters creativity and critical thinking, helping children see the bigger picture and how smaller elements fit into it. It’s a great tool for brainstorming and organizing thoughts visually."
No,Yes,No,No,5-13,Mind Mapping,"Engage children in creating a mind map that illustrates connections between different concepts or ideas. This visual tool helps them organize their thoughts, improve comprehension, and enhance their ability to recall information, all while encouraging an innovative approach to problem-solving and idea generation.",Yellow,15-20 minutes,"Mind Mapping Engage children in creating a mind map that illustrates connections between different concepts or ideas. This visual tool helps them organize their thoughts, improve comprehension, and enhance their ability to recall information, all while encouraging an innovative approach to problem-solving and idea generation."
No,Yes,No,No,5-13,Story Sequencing,"Provide a set of story cards and ask children to place them in the correct order. This activity tests their understanding of narrative structure and logical sequencing, enhancing their reasoning skills. It’s a fun, interactive way to develop comprehension and organizational skills through visual storytelling.",Yellow,10-15 minutes,"Story Sequencing Provide a set of story cards and ask children to place them in the correct order. This activity tests their understanding of narrative structure and logical sequencing, enhancing their reasoning skills. It’s a fun, interactive way to develop comprehension and organizational skills through visual storytelling."
No,No,No,Yes,5-13,Story Sequencing,"Use story cards to have children place events in the correct order. This activity helps in developing reasoning and comprehension skills, as they determine the logical flow of the story. It’s a great way to engage children in narrative analysis and improve their ability to understand cause-and-effect relationships.",Green,10-15 minutes,"Story Sequencing Use story cards to have children place events in the correct order. This activity helps in developing reasoning and comprehension skills, as they determine the logical flow of the story. It’s a great way to engage children in narrative analysis and improve their ability to understand cause-and-effect relationships."
No,Yes,No,No,5-13,“20 Questions” Game,"Play the “20 Questions” game, where the child asks up to 20 questions to guess an object, person, or place. This classic game enhances memory, critical thinking, and deductive reasoning skills, making it a fun and educational challenge that encourages interaction and strategic questioning.",Yellow,10-15 minutes,"“20 Questions” Game Play the “20 Questions” game, where the child asks up to 20 questions to guess an object, person, or place. This classic game enhances memory, critical thinking, and deductive reasoning skills, making it a fun and educational challenge that encourages interaction and strategic questioning."
No,No,No,Yes,5-13,“20 Questions” Game,Play a guessing game where the child asks up to 20 questions to identify an object or person. The game helps develop critical thinking and reasoning skills through deductive questioning. It can be played in various settings and encourages interaction and engagement.,green,15 min,“20 Questions” Game Play a guessing game where the child asks up to 20 questions to identify an object or person. The game helps develop critical thinking and reasoning skills through deductive questioning. It can be played in various settings and encourages interaction and engagement.
Yes,No,No,No,5-13,Maze Challenges,Use maze puzzles to help children develop logical thinking and planning. These puzzles enhance spatial awareness and problem-solving skills as children navigate through complex paths. Mazes can vary in difficulty to suit different skill levels.,red,30 min,Maze Challenges Use maze puzzles to help children develop logical thinking and planning. These puzzles enhance spatial awareness and problem-solving skills as children navigate through complex paths. Mazes can vary in difficulty to suit different skill levels.
No,Yes,No,No,5-13,Maze Challenges,Use maze puzzles to help children develop logical thinking and planning. These puzzles enhance spatial awareness and problem-solving skills as children navigate through complex paths. Mazes can vary in difficulty to suit different skill levels.,yellow,30 min,Maze Challenges Use maze puzzles to help children develop logical thinking and planning. These puzzles enhance spatial awareness and problem-solving skills as children navigate through complex paths. Mazes can vary in difficulty to suit different skill levels.
No,No,No,Yes,5-13,Maze Challenges,Use maze puzzles to help children develop logical thinking and planning. These puzzles enhance spatial awareness and problem-solving skills as children navigate through complex paths. Mazes can vary in difficulty to suit different skill levels.,green,30 min,Maze Challenges Use maze puzzles to help children develop logical thinking and planning. These puzzles enhance spatial awareness and problem-solving skills as children navigate through complex paths. Mazes can vary in difficulty to suit different skill levels.
Yes,No,No,No,5-13,Categorization Activities,Ask children to sort objects or pictures into categories based on reasoning and common attributes. This activity helps develop classification skills and logical thinking by requiring children to identify similarities and differences among items.,red,20 min,Categorization Activities Ask children to sort objects or pictures into categories based on reasoning and common attributes. This activity helps develop classification skills and logical thinking by requiring children to identify similarities and differences among items.
No,Yes,No,No,5-13,Categorization Activities,Ask children to sort objects or pictures into categories based on reasoning and common attributes. This activity helps develop classification skills and logical thinking by requiring children to identify similarities and differences among items.,yellow,20 min,Categorization Activities Ask children to sort objects or pictures into categories based on reasoning and common attributes. This activity helps develop classification skills and logical thinking by requiring children to identify similarities and differences among items.
No,No,No,Yes,5-13,Categorization Activities,Ask children to sort objects or pictures into categories based on reasoning and common attributes. This activity helps develop classification skills and logical thinking by requiring children to identify similarities and differences among items.,green,20 min,Categorization Activities Ask children to sort objects or pictures into categories based on reasoning and common attributes. This activity helps develop classification skills and logical thinking by requiring children to identify similarities and differences among items.
No,Yes,No,No,5-13,Building Block Challenges,"Give children building blocks and ask them to create specific structures, enhancing spatial reasoning. This activity promotes creativity and problem-solving skills by challenging children to think about how different pieces fit together to form a cohesive structure.",yellow,30 min,"Building Block Challenges Give children building blocks and ask them to create specific structures, enhancing spatial reasoning. This activity promotes creativity and problem-solving skills by challenging children to think about how different pieces fit together to form a cohesive structure."
No,No,No,Yes,5-13,Building Block Challenges,"Give children building blocks and ask them to create specific structures, enhancing spatial reasoning. This activity promotes creativity and problem-solving skills by challenging children to think about how different pieces fit together to form a cohesive structure.",green,30 min,"Building Block Challenges Give children building blocks and ask them to create specific structures, enhancing spatial reasoning. This activity promotes creativity and problem-solving skills by challenging children to think about how different pieces fit together to form a cohesive structure."
Yes,No,No,No,14-18,Logic-Based Video Games,"Play video games that require strategic thinking and reasoning, such as ""Portal"" or ""The Witness."" These games challenge players to solve puzzles and make decisions that affect game outcomes, fostering critical thinking and problem-solving skills.",red,1 hour,"Logic-Based Video Games Play video games that require strategic thinking and reasoning, such as ""Portal"" or ""The Witness."" These games challenge players to solve puzzles and make decisions that affect game outcomes, fostering critical thinking and problem-solving skills."
No,Yes,No,No,14-18,Logic-Based Video Games,"Play video games that require strategic thinking and reasoning, such as ""Portal"" or ""The Witness."" These games challenge players to solve puzzles and make decisions that affect game outcomes, fostering critical thinking and problem-solving skills.",yellow,1 hour,"Logic-Based Video Games Play video games that require strategic thinking and reasoning, such as ""Portal"" or ""The Witness."" These games challenge players to solve puzzles and make decisions that affect game outcomes, fostering critical thinking and problem-solving skills."
No,No,No,Yes,14-18,Logic-Based Video Games,"Play video games that require strategic thinking and reasoning, such as ""Portal"" or ""The Witness."" These games challenge players to solve puzzles and make decisions that affect game outcomes, fostering critical thinking and problem-solving skills.",green,1 hour,"Logic-Based Video Games Play video games that require strategic thinking and reasoning, such as ""Portal"" or ""The Witness."" These games challenge players to solve puzzles and make decisions that affect game outcomes, fostering critical thinking and problem-solving skills."
No,Yes,No,No,14-18,Critical Thinking Debates,"Hold debates on various topics to encourage logical reasoning and critical thinking. This activity involves discussing and defending different viewpoints, which helps develop argumentative skills and enhances the ability to think critically and reason effectively.",yellow,1 hour,"Critical Thinking Debates Hold debates on various topics to encourage logical reasoning and critical thinking. This activity involves discussing and defending different viewpoints, which helps develop argumentative skills and enhances the ability to think critically and reason effectively."
No,No,No,Yes,14-18,Critical Thinking Debates,"Hold debates on various topics to encourage logical reasoning and critical thinking. This activity involves discussing and defending different viewpoints, which helps develop argumentative skills and enhances the ability to think critically and reason effectively.",green,1 hour,"Critical Thinking Debates Hold debates on various topics to encourage logical reasoning and critical thinking. This activity involves discussing and defending different viewpoints, which helps develop argumentative skills and enhances the ability to think critically and reason effectively."
No,Yes,No,No,14-18,Science Experiment Planning,"Design simple science experiments that require planning and reasoning to predict outcomes. This activity encourages scientific thinking by requiring students to hypothesize, test, and analyze results, thereby enhancing problem-solving and critical reasoning skills.",yellow,1.5 hours,"Science Experiment Planning Design simple science experiments that require planning and reasoning to predict outcomes. This activity encourages scientific thinking by requiring students to hypothesize, test, and analyze results, thereby enhancing problem-solving and critical reasoning skills."
No,No,No,Yes,14-18,Science Experiment Planning,"Design simple science experiments that require planning and reasoning to predict outcomes. This activity encourages scientific thinking by requiring students to hypothesize, test, and analyze results, thereby enhancing problem-solving and critical reasoning skills.",green,1.5 hours,"Science Experiment Planning Design simple science experiments that require planning and reasoning to predict outcomes. This activity encourages scientific thinking by requiring students to hypothesize, test, and analyze results, thereby enhancing problem-solving and critical reasoning skills."
Yes,No,No,No,14-18,Interactive Simulation Games,"Engage in simulation games that involve decision-making and reasoning, such as ""SimCity."" These games require players to make strategic decisions and manage resources, promoting complex reasoning and long-term planning skills.",red,1 hour,"Interactive Simulation Games Engage in simulation games that involve decision-making and reasoning, such as ""SimCity."" These games require players to make strategic decisions and manage resources, promoting complex reasoning and long-term planning skills."
No,Yes,No,No,14-18,Interactive Simulation Games,"Engage in simulation games that involve decision-making and reasoning, such as ""SimCity."" These games require players to make strategic decisions and manage resources, promoting complex reasoning and long-term planning skills.",yellow,1 hour,"Interactive Simulation Games Engage in simulation games that involve decision-making and reasoning, such as ""SimCity."" These games require players to make strategic decisions and manage resources, promoting complex reasoning and long-term planning skills."
No,No,No,Yes,14-18,Interactive Simulation Games,"Engage in simulation games that involve decision-making and reasoning, such as ""SimCity."" These games require players to make strategic decisions and manage resources, promoting complex reasoning and long-term planning skills.",green,1 hour,"Interactive Simulation Games Engage in simulation games that involve decision-making and reasoning, such as ""SimCity."" These games require players to make strategic decisions and manage resources, promoting complex reasoning and long-term planning skills."
Yes,No,No,No,14-18,Problem-Solving Workshops,"Participate in workshops where students are given complex problems to solve in teams, fostering reasoning. These workshops involve collaborative problem-solving, which enhances critical thinking and teamwork skills by addressing challenging and multifaceted problems.",red,1.5 hours,"Problem-Solving Workshops Participate in workshops where students are given complex problems to solve in teams, fostering reasoning. These workshops involve collaborative problem-solving, which enhances critical thinking and teamwork skills by addressing challenging and multifaceted problems."
No,Yes,No,No,14-18,Problem-Solving Workshops,"Participate in workshops where students are given complex problems to solve in teams, fostering reasoning. These workshops involve collaborative problem-solving, which enhances critical thinking and teamwork skills by addressing challenging and multifaceted problems.",yellow,1.5 hours,"Problem-Solving Workshops Participate in workshops where students are given complex problems to solve in teams, fostering reasoning. These workshops involve collaborative problem-solving, which enhances critical thinking and teamwork skills by addressing challenging and multifaceted problems."
No,No,No,Yes,14-18,Problem-Solving Workshops,"Participate in workshops where students are given complex problems to solve in teams, fostering reasoning. These workshops involve collaborative problem-solving, which enhances critical thinking and teamwork skills by addressing challenging and multifaceted problems.",green,1.5 hours,"Problem-Solving Workshops Participate in workshops where students are given complex problems to solve in teams, fostering reasoning. These workshops involve collaborative problem-solving, which enhances critical thinking and teamwork skills by addressing challenging and multifaceted problems."
Yes,No,No,No,14-18,Case Study Analysis,"Analyze case studies in groups to develop reasoning and decision-making skills. This activity involves examining real-life scenarios to identify problems, evaluate solutions, and make informed decisions, enhancing analytical and critical thinking abilities.",red,1 hour,"Case Study Analysis Analyze case studies in groups to develop reasoning and decision-making skills. This activity involves examining real-life scenarios to identify problems, evaluate solutions, and make informed decisions, enhancing analytical and critical thinking abilities."
No,Yes,No,No,14-18,Case Study Analysis,"Analyze case studies in groups to develop reasoning and decision-making skills. This activity involves examining real-life scenarios to identify problems, evaluate solutions, and make informed decisions, enhancing analytical and critical thinking abilities.",yellow,1 hour,"Case Study Analysis Analyze case studies in groups to develop reasoning and decision-making skills. This activity involves examining real-life scenarios to identify problems, evaluate solutions, and make informed decisions, enhancing analytical and critical thinking abilities."
No,No,No,Yes,14-18,Case Study Analysis,"Analyze case studies in groups to develop reasoning and decision-making skills. This activity involves examining real-life scenarios to identify problems, evaluate solutions, and make informed decisions, enhancing analytical and critical thinking abilities.",green,1 hour,"Case Study Analysis Analyze case studies in groups to develop reasoning and decision-making skills. This activity involves examining real-life scenarios to identify problems, evaluate solutions, and make informed decisions, enhancing analytical and critical thinking abilities."
No,Yes,No,No,19-33,Coding Challenges,"Engage in coding challenges that require logical reasoning and problem-solving, such as hackathons. Coding challenges involve writing code to solve complex problems, which fosters computational thinking and problem-solving skills. These activities can vary in difficulty and scope.",yellow,2 hours,"Coding Challenges Engage in coding challenges that require logical reasoning and problem-solving, such as hackathons. Coding challenges involve writing code to solve complex problems, which fosters computational thinking and problem-solving skills. These activities can vary in difficulty and scope."
No,No,No,Yes,19-33,Coding Challenges,"Engage in coding challenges that require logical reasoning and problem-solving, such as hackathons. Coding challenges involve writing code to solve complex problems, which fosters computational thinking and problem-solving skills. These activities can vary in difficulty and scope.",green,2 hours,"Coding Challenges Engage in coding challenges that require logical reasoning and problem-solving, such as hackathons. Coding challenges involve writing code to solve complex problems, which fosters computational thinking and problem-solving skills. These activities can vary in difficulty and scope."
Yes,No,No,No,19-33,Role-Playing Games (RPGs),"Play RPGs where strategic decision-making and reasoning are key to progress in the game. RPGs often involve complex narratives and character development, requiring players to make strategic choices that influence the game's outcome, thereby enhancing decision-making skills.",red,2 hours,"Role-Playing Games (RPGs) Play RPGs where strategic decision-making and reasoning are key to progress in the game. RPGs often involve complex narratives and character development, requiring players to make strategic choices that influence the game's outcome, thereby enhancing decision-making skills."
No,Yes,No,No,19-33,Role-Playing Games (RPGs),"Play RPGs where strategic decision-making and reasoning are key to progress in the game. RPGs often involve complex narratives and character development, requiring players to make strategic choices that influence the game's outcome, thereby enhancing decision-making skills.",yellow,2 hours,"Role-Playing Games (RPGs) Play RPGs where strategic decision-making and reasoning are key to progress in the game. RPGs often involve complex narratives and character development, requiring players to make strategic choices that influence the game's outcome, thereby enhancing decision-making skills."
No,No,No,Yes,19-33,Role-Playing Games (RPGs),"Play RPGs where strategic decision-making and reasoning are key to progress in the game. RPGs often involve complex narratives and character development, requiring players to make strategic choices that influence the game's outcome, thereby enhancing decision-making skills.",green,2 hours,"Role-Playing Games (RPGs) Play RPGs where strategic decision-making and reasoning are key to progress in the game. RPGs often involve complex narratives and character development, requiring players to make strategic choices that influence the game's outcome, thereby enhancing decision-making skills."
Yes,No,No,No,19-33,Business Simulation Games,"Participate in business simulation games where players must use reasoning to make strategic decisions. These games involve managing resources, making investments, and responding to market changes, which develop strategic thinking and decision-making skills.",red,2 hours,"Business Simulation Games Participate in business simulation games where players must use reasoning to make strategic decisions. These games involve managing resources, making investments, and responding to market changes, which develop strategic thinking and decision-making skills."
No,Yes,No,No,19-33,Business Simulation Games,"Participate in business simulation games where players must use reasoning to make strategic decisions. These games involve managing resources, making investments, and responding to market changes, which develop strategic thinking and decision-making skills.",yellow,2 hours,"Business Simulation Games Participate in business simulation games where players must use reasoning to make strategic decisions. These games involve managing resources, making investments, and responding to market changes, which develop strategic thinking and decision-making skills."
No,No,No,Yes,19-33,Business Simulation Games,"Participate in business simulation games where players must use reasoning to make strategic decisions. These games involve managing resources, making investments, and responding to market changes, which develop strategic thinking and decision-making skills.",green,2 hours,"Business Simulation Games Participate in business simulation games where players must use reasoning to make strategic decisions. These games involve managing resources, making investments, and responding to market changes, which develop strategic thinking and decision-making skills."
No,Yes,No,No,19-33,Design Thinking Projects,"Work on design thinking projects that require creative problem-solving and reasoning. These projects involve empathizing with users, defining problems, ideating solutions, and prototyping, which enhance creativity and problem-solving skills through iterative thinking.",yellow,2 hours,"Design Thinking Projects Work on design thinking projects that require creative problem-solving and reasoning. These projects involve empathizing with users, defining problems, ideating solutions, and prototyping, which enhance creativity and problem-solving skills through iterative thinking."
No,No,No,Yes,19-33,Design Thinking Projects,"Work on design thinking projects that require creative problem-solving and reasoning. These projects involve empathizing with users, defining problems, ideating solutions, and prototyping, which enhance creativity and problem-solving skills through iterative thinking.",green,2 hours,"Design Thinking Projects Work on design thinking projects that require creative problem-solving and reasoning. These projects involve empathizing with users, defining problems, ideating solutions, and prototyping, which enhance creativity and problem-solving skills through iterative thinking."
Yes,No,No,No,19-33,Debate Clubs,"Join a debate club to improve reasoning through structured argumentation and discussion. Debate clubs offer opportunities to practice forming arguments, rebutting opposing views, and thinking critically about various topics, thereby improving public speaking and reasoning skills.",red,2 hours,"Debate Clubs Join a debate club to improve reasoning through structured argumentation and discussion. Debate clubs offer opportunities to practice forming arguments, rebutting opposing views, and thinking critically about various topics, thereby improving public speaking and reasoning skills."
No,Yes,No,No,19-33,Debate Clubs,"Join a debate club to improve reasoning through structured argumentation and discussion. Debate clubs offer opportunities to practice forming arguments, rebutting opposing views, and thinking critically about various topics, thereby improving public speaking and reasoning skills.",yellow,2 hours,"Debate Clubs Join a debate club to improve reasoning through structured argumentation and discussion. Debate clubs offer opportunities to practice forming arguments, rebutting opposing views, and thinking critically about various topics, thereby improving public speaking and reasoning skills."
No,No,No,Yes,19-33,Debate Clubs,"Join a debate club to improve reasoning through structured argumentation and discussion. Debate clubs offer opportunities to practice forming arguments, rebutting opposing views, and thinking critically about various topics, thereby improving public speaking and reasoning skills.",green,2 hours,"Debate Clubs Join a debate club to improve reasoning through structured argumentation and discussion. Debate clubs offer opportunities to practice forming arguments, rebutting opposing views, and thinking critically about various topics, thereby improving public speaking and reasoning skills."
No,Yes,No,No,19-33,Escape Room Design,"Design your own escape room, requiring intricate planning and logical reasoning. This activity involves creating puzzles and challenges that others must solve to ""escape,"" promoting creative thinking, problem-solving, and strategic planning.",yellow,3 hours,"Escape Room Design Design your own escape room, requiring intricate planning and logical reasoning. This activity involves creating puzzles and challenges that others must solve to ""escape,"" promoting creative thinking, problem-solving, and strategic planning."
No,No,No,Yes,19-33,Escape Room Design,"Design your own escape room, requiring intricate planning and logical reasoning. This activity involves creating puzzles and challenges that others must solve to ""escape,"" promoting creative thinking, problem-solving, and strategic planning.",green,3 hours,"Escape Room Design Design your own escape room, requiring intricate planning and logical reasoning. This activity involves creating puzzles and challenges that others must solve to ""escape,"" promoting creative thinking, problem-solving, and strategic planning."
Yes,No,No,No,19-33,Negotiation Role-Play,"Engage in negotiation role-plays to practice reasoning and decision-making under pressure. These role-plays simulate real-world scenarios where participants must negotiate terms, resolve conflicts, and make strategic decisions, enhancing negotiation and problem-solving skills.",red,2 hours,"Negotiation Role-Play Engage in negotiation role-plays to practice reasoning and decision-making under pressure. These role-plays simulate real-world scenarios where participants must negotiate terms, resolve conflicts, and make strategic decisions, enhancing negotiation and problem-solving skills."
No,Yes,No,No,19-33,Negotiation Role-Play,"Engage in negotiation role-plays to practice reasoning and decision-making under pressure. These role-plays simulate real-world scenarios where participants must negotiate terms, resolve conflicts, and make strategic decisions, enhancing negotiation and problem-solving skills.",yellow,2 hours,"Negotiation Role-Play Engage in negotiation role-plays to practice reasoning and decision-making under pressure. These role-plays simulate real-world scenarios where participants must negotiate terms, resolve conflicts, and make strategic decisions, enhancing negotiation and problem-solving skills."
No,No,No,Yes,19-33,Negotiation Role-Play,"Engage in negotiation role-plays to practice reasoning and decision-making under pressure. These role-plays simulate real-world scenarios where participants must negotiate terms, resolve conflicts, and make strategic decisions, enhancing negotiation and problem-solving skills.",green,2 hours,"Negotiation Role-Play Engage in negotiation role-plays to practice reasoning and decision-making under pressure. These role-plays simulate real-world scenarios where participants must negotiate terms, resolve conflicts, and make strategic decisions, enhancing negotiation and problem-solving skills."
No,Yes,No,No,19-33,Advanced Strategy Games,"Engage in complex strategy games such as ""Civilization"" that challenge your ability to plan and strategize over long periods, requiring careful management of resources and diplomacy.",yellow,2 hours,"Advanced Strategy Games Engage in complex strategy games such as ""Civilization"" that challenge your ability to plan and strategize over long periods, requiring careful management of resources and diplomacy."
No,No,No,Yes,19-33,Advanced Strategy Games,"Participate in advanced strategy games such as ""Civilization,"" where strategic foresight and tactical decision-making are crucial for achieving long-term goals.",green,2 hours,"Advanced Strategy Games Participate in advanced strategy games such as ""Civilization,"" where strategic foresight and tactical decision-making are crucial for achieving long-term goals."
Yes,No,No,No,49-64,Visualization Meditation,"Practice meditation techniques that involve visualizing detailed scenes or objects, enhancing your ability to focus, recall details, and improve memory through mental imagery.",red,1 hour,"Visualization Meditation Practice meditation techniques that involve visualizing detailed scenes or objects, enhancing your ability to focus, recall details, and improve memory through mental imagery."
No,Yes,No,No,49-64,Visualization Meditation,Engage in meditation exercises where you visualize detailed scenarios or concepts to boost memory and concentration.,yellow,1 hour,Visualization Meditation Engage in meditation exercises where you visualize detailed scenarios or concepts to boost memory and concentration.
Yes,No,No,No,19-33,Cognitive Map Creation,"Create a detailed mental or physical map of your neighborhood or a familiar place, improving spatial awareness and memory through mapping and recalling landmarks.",red,1 hour,"Cognitive Map Creation Create a detailed mental or physical map of your neighborhood or a familiar place, improving spatial awareness and memory through mapping and recalling landmarks."
No,Yes,No,No,19-33,Cognitive Map Creation,"Construct a cognitive or physical map of a known area, enhancing spatial understanding and memory by visualizing and organizing key locations.",yellow,1 hour,"Cognitive Map Creation Construct a cognitive or physical map of a known area, enhancing spatial understanding and memory by visualizing and organizing key locations."
Yes,No,No,No,49-64,Daily Journaling,"Write daily entries about your experiences, thoughts, and events to practice recalling and organizing personal memories, enhancing cognitive and reflective skills.",red,1 hour,"Daily Journaling Write daily entries about your experiences, thoughts, and events to practice recalling and organizing personal memories, enhancing cognitive and reflective skills."
No,Yes,No,No,49-64,Daily Journaling,"Keep a journal to record daily activities and reflections, which helps improve memory and organizational skills by regularly reviewing and summarizing events.",yellow,1 hour,"Daily Journaling Keep a journal to record daily activities and reflections, which helps improve memory and organizational skills by regularly reviewing and summarizing events."
Yes,No,No,No,64+,Photo Puzzle,"Take a photograph, cut it into pieces, and then reassemble it from memory. This exercise aids in enhancing visual memory and spatial reasoning.",red,1 hour,"Photo Puzzle Take a photograph, cut it into pieces, and then reassemble it from memory. This exercise aids in enhancing visual memory and spatial reasoning."
No,Yes,No,No,64+,Photo Puzzle,"Disassemble a photo into puzzle pieces and reassemble it by recalling its details, boosting visual memory and pattern recognition.",yellow,1 hour,"Photo Puzzle Disassemble a photo into puzzle pieces and reassemble it by recalling its details, boosting visual memory and pattern recognition."
No,Yes,No,No,5-13,Memory Matching Game,"Play a card game where you match pairs of cards based on memory, which strengthens memory and pattern recognition through repeated recall.",yellow,1 hour,"Memory Matching Game Play a card game where you match pairs of cards based on memory, which strengthens memory and pattern recognition through repeated recall."
No,Yes,No,No,14-18,3D Model Building,"Use a kit or software to construct a three-dimensional model, enhancing your spatial reasoning and visualizing skills by understanding and manipulating complex structures.",yellow,1 hour,"3D Model Building Use a kit or software to construct a three-dimensional model, enhancing your spatial reasoning and visualizing skills by understanding and manipulating complex structures."
No,Yes,No,No,49-64,Word Association,"Participate in word association games where you link words based on meanings or themes, which enhances memory and cognitive flexibility by exploring semantic connections.",yellow,1 hour,"Word Association Participate in word association games where you link words based on meanings or themes, which enhances memory and cognitive flexibility by exploring semantic connections."
No,Yes,No,No,64+,Recall and Discuss,"Discuss and reflect on past memories or life experiences, strengthening your ability to remember and articulate personal history through conversation.",yellow,1 hour,"Recall and Discuss Discuss and reflect on past memories or life experiences, strengthening your ability to remember and articulate personal history through conversation."
No,Yes,No,No,64+,Scrapbooking,"Create a scrapbook using photos and memorabilia to visually organize and recall past experiences, helping reinforce memory through creative expression.",yellow,1 hour,"Scrapbooking Create a scrapbook using photos and memorabilia to visually organize and recall past experiences, helping reinforce memory through creative expression."
No,No,No,Yes,14-18,Philosophical Discussions,Participate in conversations about philosophical topics to develop deeper reasoning and critical thinking skills by exploring and debating complex issues.,green,1 hour,Philosophical Discussions Participate in conversations about philosophical topics to develop deeper reasoning and critical thinking skills by exploring and debating complex issues.
No,No,No,Yes,34-48,Business Strategy Games,Engage in strategic business simulations that challenge your ability to make long-term decisions and manage business operations effectively.,green,1 hour,Business Strategy Games Engage in strategic business simulations that challenge your ability to make long-term decisions and manage business operations effectively.
No,No,No,Yes,49-64,Investment Strategy Planning,"Create and refine investment strategies, focusing on long-term goals and risk management, to enhance financial reasoning and strategic planning.",green,1 hour,"Investment Strategy Planning Create and refine investment strategies, focusing on long-term goals and risk management, to enhance financial reasoning and strategic planning."
No,No,No,Yes,49-64,Case Study Analysis,Examine detailed case studies to enhance your analytical skills and reasoning abilities by assessing situations and proposing solutions.,green,1 hour,Case Study Analysis Examine detailed case studies to enhance your analytical skills and reasoning abilities by assessing situations and proposing solutions.
No,No,No,Yes,49-64,Strategic Life Planning,Create and refine long-term life strategies to achieve personal and professional objectives through careful planning and foresight.,green,1 hour,Strategic Life Planning Create and refine long-term life strategies to achieve personal and professional objectives through careful planning and foresight.
No,No,No,Yes,49-64,Philosophical Debate Groups,Participate in debates on philosophical issues to strengthen your reasoning and argumentation skills through structured and reflective dialogue.,green,1 hour,Philosophical Debate Groups Participate in debates on philosophical issues to strengthen your reasoning and argumentation skills through structured and reflective dialogue.
No,No,No,Yes,65-78,Bridge or Chess,Engage in games such as Bridge or Chess that demand strategic thought and decision-making to outmaneuver opponents and achieve victory.,green,1 hour,Bridge or Chess Engage in games such as Bridge or Chess that demand strategic thought and decision-making to outmaneuver opponents and achieve victory.
No,No,No,Yes,64+,Word Puzzles,"Tackle word puzzles that require logical deduction and reasoning to complete, enhancing cognitive flexibility and problem-solving skills.",green,1 hour,"Word Puzzles Tackle word puzzles that require logical deduction and reasoning to complete, enhancing cognitive flexibility and problem-solving skills."
No,No,No,Yes,14-18,Analytical Thinking Essays,"Compose analytical essays on challenging topics to enhance your reasoning, writing proficiency, and ability to argue effectively.",green,1 hour,"Analytical Thinking Essays Compose analytical essays on challenging topics to enhance your reasoning, writing proficiency, and ability to argue effectively."
No,No,No,Yes,49-64,Philosophical Text Analysis,Study and interpret philosophical literature to enhance your ability to reason and critically evaluate complex concepts.,green,1 hour,Philosophical Text Analysis Study and interpret philosophical literature to enhance your ability to reason and critically evaluate complex concepts.
Yes,No,No,No,5-13,Memory Art Projects,"Create art based on specific memories, such as painting or sculpting scenes from your recollections, to strengthen memory recall through creative expression.",red,1 hour,"Memory Art Projects Create art based on specific memories, such as painting or sculpting scenes from your recollections, to strengthen memory recall through creative expression."
No,Yes,No,No,5-13,Memory Art Projects,"Engage in artistic activities where you create works inspired by personal memories, enhancing memory through visual and tactile means.",yellow,1 hour,"Memory Art Projects Engage in artistic activities where you create works inspired by personal memories, enhancing memory through visual and tactile means."
Yes,No,No,No,49-64,Creative Memory Projects,"Work on projects like assembling photo albums or creating family trees, which involve recalling and organizing personal memories and histories.",red,1 hour,"Creative Memory Projects Work on projects like assembling photo albums or creating family trees, which involve recalling and organizing personal memories and histories."
No,Yes,No,No,49-64,Creative Memory Projects,"Develop projects such as family trees or photo albums that require you to recall and organize personal histories, promoting memory retention and creativity.",yellow,1 hour,"Creative Memory Projects Develop projects such as family trees or photo albums that require you to recall and organize personal histories, promoting memory retention and creativity."
No,No,No,Yes,31-50,Scenario Planning,"Develop and assess multiple future scenarios for personal or business purposes, honing strategic and anticipatory skills through detailed planning.",green,1 hour,"Scenario Planning Develop and assess multiple future scenarios for personal or business purposes, honing strategic and anticipatory skills through detailed planning."
No,Yes,No,No,31-50,Memory Enhancement Courses,"Participate in courses or workshops focused on advanced memory techniques, strategies, and exercises to improve memory performance.",yellow,1 hour,"Memory Enhancement Courses Participate in courses or workshops focused on advanced memory techniques, strategies, and exercises to improve memory performance."
No,No,No,Yes,18-30,Research Design Projects,"Create and execute research projects to develop skills in designing studies, collecting data, and interpreting results, enhancing analytical thinking.",green,1 hour,"Research Design Projects Create and execute research projects to develop skills in designing studies, collecting data, and interpreting results, enhancing analytical thinking."
Yes,No,No,No,18-30,Creative Visualization Workshops,Join workshops focused on using creative visualization techniques to brainstorm and develop innovative solutions for real-world problems.,red,1 hour,Creative Visualization Workshops Join workshops focused on using creative visualization techniques to brainstorm and develop innovative solutions for real-world problems.
